,id,name,symbol,slug,num_market_pairs,date_added,tags,max_supply,circulating_supply,total_supply,platform,cmc_rank,self_reported_circulating_supply,self_reported_market_cap,tvl_ratio,last_updated,quote.USD.price,quote.USD.volume_24h,quote.USD.volume_change_24h,quote.USD.percent_change_1h,quote.USD.percent_change_24h,quote.USD.percent_change_7d,quote.USD.percent_change_30d,quote.USD.percent_change_60d,quote.USD.percent_change_90d,quote.USD.market_cap,quote.USD.market_cap_dominance,quote.USD.fully_diluted_market_cap,quote.USD.tvl,quote.USD.last_updated,platform.id,platform.name,platform.symbol,platform.slug,platform.token_address,Timestamp
0,1,Bitcoin,BTC,bitcoin,9942,2013-04-28T00:00:00.000Z,"['mineable', 'pow', 'sha-256', 'store-of-value', 'state-channel', 'coinbase-ventures-portfolio', 'three-arrows-capital-portfolio', 'polychain-capital-portfolio', 'binance-labs-portfolio', 'blockchain-capital-portfolio', 'boostvc-portfolio', 'cms-holdings-portfolio', 'dcg-portfolio', 'dragonfly-capital-portfolio', 'electric-capital-portfolio', 'fabric-ventures-portfolio', 'framework-ventures-portfolio', 'galaxy-digital-portfolio', 'huobi-capital-portfolio', 'alameda-research-portfolio', 'a16z-portfolio', '1confirmation-portfolio', 'winklevoss-capital-portfolio', 'usv-portfolio', 'placeholder-ventures-portfolio', 'pantera-capital-portfolio', 'multicoin-capital-portfolio', 'paradigm-portfolio']",21000000.0,19273206.0,19273206.0,,1,,,,2023-01-26T16:09:00.000Z,22966.77243535614,33127286570.86679,25.1174,-0.5500105,1.74109484,10.09586296,36.61819124,38.57121005,12.05117642,442643336301.74054,42.2795,482302221142.48,,2023-01-26T16:09:00.000Z,,,,,,2023-01-26 16:11:02.699563
1,1027,Ethereum,ETH,ethereum,6380,2015-08-07T00:00:00.000Z,"['pos', 'smart-contracts', 'ethereum-ecosystem', 'coinbase-ventures-portfolio', 'three-arrows-capital-portfolio', 'polychain-capital-portfolio', 'binance-labs-portfolio', 'blockchain-capital-portfolio', 'boostvc-portfolio', 'cms-holdings-portfolio', 'dcg-portfolio', 'dragonfly-capital-portfolio', 'electric-capital-portfolio', 'fabric-ventures-portfolio', 'framework-ventures-portfolio', 'hashkey-capital-portfolio', 'kenetic-capital-portfolio', 'huobi-capital-portfolio', 'alameda-research-portfolio', 'a16z-portfolio', '1confirmation-portfolio', 'winklevoss-capital-portfolio', 'usv-portfolio', 'placeholder-ventures-portfolio', 'pantera-capital-portfolio', 'multicoin-capital-portfolio', 'paradigm-portfolio', 'injective-ecosystem']",,122373866.2178,122373866.2178,,2,,,,2023-01-26T16:09:00.000Z,1592.037014153431,10525164597.184477,10.643,-1.07769055,3.11177839,3.80656868,31.30551843,30.77257593,3.49232187,194823724583.79776,18.6316,194823724583.8,,2023-01-26T16:09:00.000Z,,,,,,2023-01-26 16:11:02.699563
2,825,Tether,USDT,tether,46439,2015-02-25T00:00:00.000Z,"['payments', 'stablecoin', 'asset-backed-stablecoin', 'avalanche-ecosystem', 'solana-ecosystem', 'arbitrum-ecosytem', 'moonriver-ecosystem', 'injective-ecosystem', 'bnb-chain', 'usd-stablecoin', 'optimism-ecosystem']",,67188360789.139,73141766321.23428,,3,,,,2023-01-26T16:09:00.000Z,1.0001257429962882,41881688481.77573,16.5114,0.00439946,-0.00132882,0.0097997,0.02457136,0.05676013,-0.00122404,67196809254.94032,6.4183,73150963386.09,,2023-01-26T16:09:00.000Z,1027.0,Ethereum,ETH,ethereum,0xdac17f958d2ee523a2206206994597c13d831ec7,2023-01-26 16:11:02.699563
3,1839,BNB,BNB,bnb,1170,2017-07-25T00:00:00.000Z,"['marketplace', 'centralized-exchange', 'payments', 'smart-contracts', 'alameda-research-portfolio', 'multicoin-capital-portfolio', 'bnb-chain']",200000000.0,157902660.30609864,159979963.59042934,,4,,,,2023-01-26T16:09:00.000Z,303.9494293593816,638548476.9822,-3.4056,-1.01733952,1.34783649,4.69658594,23.84986318,-3.06122455,2.32013547,47994423494.36696,4.5842,60789885871.88,,2023-01-26T16:09:00.000Z,,,,,,2023-01-26 16:11:02.699563
4,3408,USD Coin,USDC,usd-coin,9672,2018-10-08T00:00:00.000Z,"['medium-of-exchange', 'stablecoin', 'asset-backed-stablecoin', 'fantom-ecosystem', 'arbitrum-ecosytem', 'moonriver-ecosystem', 'bnb-chain', 'usd-stablecoin', 'optimism-ecosystem']",,43557273901.72265,43557273901.72265,,5,,,,2023-01-26T16:09:00.000Z,0.9996869875604417,3943968583.777124,3.6825,-0.04048365,-0.03156461,-0.04535432,-0.03362069,-0.05152862,-0.03495584,43543639933.158165,4.1642,43543639933.16,,2023-01-26T16:09:00.000Z,1027.0,Ethereum,ETH,ethereum,0xa0b86991c6218b36c1d19d4a2e9eb0ce3606eb48,2023-01-26 16:11:02.699563
5,52,XRP,XRP,xrp,879,2013-08-04T00:00:00.000Z,"['medium-of-exchange', 'enterprise-solutions', 'arrington-xrp-capital-portfolio', 'galaxy-digital-portfolio', 'a16z-portfolio', 'pantera-capital-portfolio']",100000000000.0,50796877639.0,99989148225.0,,6,,,,2023-01-26T16:09:00.000Z,0.40974328715083674,1050556037.1413044,-8.7713,-0.60732236,0.87713215,5.10994432,10.76700595,1.50671607,-11.91544163,20813679620.802696,1.988,40974328715.08,,2023-01-26T16:09:00.000Z,,,,,,2023-01-26 16:11:02.699563
6,4687,Binance USD,BUSD,binance-usd,6078,2019-09-20T00:00:00.000Z,"['stablecoin', 'asset-backed-stablecoin', 'binance-chain', 'harmony-ecosystem', 'moonriver-ecosystem', 'usd-stablecoin']",,15521705766.183376,15521705766.183376,,7,,,,2023-01-26T16:09:00.000Z,0.9999832539888865,11868528117.04694,17.7931,-0.04255277,0.00896225,-0.05788352,-0.00194767,0.00520504,0.00157532,15521445839.526115,1.4825,15521445839.53,,2023-01-26T16:09:00.000Z,1839.0,BNB,BNB,bnb,BUSD-BD1,2023-01-26 16:11:02.699563
7,2010,Cardano,ADA,cardano,638,2017-10-01T00:00:00.000Z,"['dpos', 'pos', 'platform', 'research', 'smart-contracts', 'staking', 'cardano-ecosystem', 'cardano']",45000000000.0,34584900585.535,35394996829.841,,8,,,,2023-01-26T16:09:00.000Z,0.3777590831640489,501682868.5361471,23.9357,-0.54526454,6.26531476,13.15350795,44.94167516,18.59715594,-5.15457921,13064760336.51148,1.2494,16999158742.38,,2023-01-26T16:09:00.000Z,,,,,,2023-01-26 16:11:02.699563
8,74,Dogecoin,DOGE,dogecoin,636,2013-12-15T00:00:00.000Z,"['mineable', 'pow', 'scrypt', 'medium-of-exchange', 'memes', 'payments', 'doggone-doggerel', 'bnb-chain']",,132670764299.89409,132670764299.89409,,9,,,,2023-01-26T16:09:00.000Z,0.08597780701078142,541149836.93399,0.5057,-0.7708349,2.51651955,6.22818178,15.73212894,-16.84483036,-0.89648131,11406741368.949163,1.09,11406741368.95,,2023-01-26T16:09:00.000Z,,,,,,2023-01-26 16:11:02.699563
9,3890,Polygon,MATIC,polygon,574,2019-04-28T00:00:00.000Z,"['platform', 'enterprise-solutions', 'scaling', 'state-channel', 'coinbase-ventures-portfolio', 'binance-launchpad', 'binance-labs-portfolio', 'polygon-ecosystem', 'moonriver-ecosystem', 'injective-ecosystem']",10000000000.0,8734317475.28493,10000000000.0,,10,,,,2023-01-26T16:09:00.000Z,1.0750112901625803,797531336.1004251,72.6023,-0.87116002,12.90429357,15.17165695,32.92471523,24.45485942,15.54249253,9389489897.795624,0.8968,10750112901.63,,2023-01-26T16:09:00.000Z,,,,,,2023-01-26 16:11:02.699563
10,5426,Solana,SOL,solana,422,2020-04-10T00:00:00.000Z,"['pos', 'platform', 'solana-ecosystem', 'cms-holdings-portfolio', 'kenetic-capital-portfolio', 'alameda-research-portfolio', 'multicoin-capital-portfolio', 'okex-blockdream-ventures-portfolio']",,371340580.89296514,539311776.9940287,,11,,,,2023-01-26T16:09:00.000Z,24.24514265220366,1058337343.4553895,2.5343,-1.60673777,3.89753147,15.34227548,124.09118166,68.5947673,-22.10798797,9003205356.302113,0.8603,13075690967.23,,2023-01-26T16:09:00.000Z,,,,,,2023-01-26 16:11:02.699563
11,6636,Polkadot,DOT,polkadot-new,462,2020-08-19T00:00:00.000Z,"['substrate', 'polkadot', 'binance-chain', 'polkadot-ecosystem', 'three-arrows-capital-portfolio', 'polychain-capital-portfolio', 'arrington-xrp-capital-portfolio', 'blockchain-capital-portfolio', 'boostvc-portfolio', 'cms-holdings-portfolio', 'coinfund-portfolio', 'fabric-ventures-portfolio', 'fenbushi-capital-portfolio', 'hashkey-capital-portfolio', 'kenetic-capital-portfolio', '1confirmation-portfolio', 'placeholder-ventures-portfolio', 'pantera-capital-portfolio', 'exnetwork-capital-portfolio', 'web3', 'spartan-group', 'injective-ecosystem', 'bnb-chain']",,1155696391.494791,1276820041.799971,,12,904869778.0,5804504619.8583765,,2023-01-26T16:09:00.000Z,6.414740287478556,324801920.318406,9.9232,-1.18339234,4.17943077,11.79305527,42.6300941,18.39742347,-0.61096912,7413492202.615225,0.7081,8190468961.99,,2023-01-26T16:09:00.000Z,,,,,,2023-01-26 16:11:02.699563
12,5994,Shiba Inu,SHIB,shiba-inu,484,2020-08-01T00:00:00.000Z,"['memes', 'ethereum-ecosystem', 'doggone-doggerel']",,549063278876301.94,589735030408322.8,,13,,,,2023-01-26T16:09:00.000Z,1.1572751150461193e-05,275490430.00240695,-9.819,-0.7908373,3.28934604,1.92251422,40.49643985,22.73973891,4.23519363,6354172692.2917185,0.6069,6824856751.63,,2023-01-26T16:09:00.000Z,1027.0,Ethereum,ETH,ethereum,0x95ad61b0a150d79219dcf64e1e6cc01f0b64c4ce,2023-01-26 16:11:02.699563
13,2,Litecoin,LTC,litecoin,869,2013-04-28T00:00:00.000Z,"['mineable', 'pow', 'scrypt', 'medium-of-exchange']",84000000.0,72141065.71976216,84000000.0,,14,,,,2023-01-26T16:09:00.000Z,88.04599682767622,585609766.0946661,26.8611,-0.7686663,0.68574845,5.52268838,25.73291986,15.10521235,60.768475,6351732043.507361,0.607,7395863733.52,,2023-01-26T16:09:00.000Z,,,,,,2023-01-26 16:11:02.699563
14,4943,Dai,DAI,multi-collateral-dai,1819,2019-11-22T00:00:00.000Z,"['defi', 'stablecoin', 'asset-backed-stablecoin', 'ethereum-ecosystem', 'avalanche-ecosystem', 'polygon-ecosystem', 'fantom-ecosystem', 'arbitrum-ecosytem', 'harmony-ecosystem', 'moonriver-ecosystem', 'bnb-chain', 'usd-stablecoin', 'optimism-ecosystem']",,5896801150.915256,5896801150.915256,,15,,,,2023-01-26T16:09:00.000Z,0.9989499022479746,232162219.39007127,21.6619,-0.15525723,-0.07691657,-0.09557524,-0.02762602,-0.12790437,-0.09121222,5890608933.282538,0.5626,5890608933.28,,2023-01-26T16:09:00.000Z,1027.0,Ethereum,ETH,ethereum,0x6b175474e89094c44da98b954eedeac495271d0f,2023-01-26 16:11:02.699563
0,1,Bitcoin,BTC,bitcoin,9942,2013-04-28T00:00:00.000Z,"['mineable', 'pow', 'sha-256', 'store-of-value', 'state-channel', 'coinbase-ventures-portfolio', 'three-arrows-capital-portfolio', 'polychain-capital-portfolio', 'binance-labs-portfolio', 'blockchain-capital-portfolio', 'boostvc-portfolio', 'cms-holdings-portfolio', 'dcg-portfolio', 'dragonfly-capital-portfolio', 'electric-capital-portfolio', 'fabric-ventures-portfolio', 'framework-ventures-portfolio', 'galaxy-digital-portfolio', 'huobi-capital-portfolio', 'alameda-research-portfolio', 'a16z-portfolio', '1confirmation-portfolio', 'winklevoss-capital-portfolio', 'usv-portfolio', 'placeholder-ventures-portfolio', 'pantera-capital-portfolio', 'multicoin-capital-portfolio', 'paradigm-portfolio']",21000000.0,19273206.0,19273206.0,,1,,,,2023-01-26T16:10:00.000Z,22932.50646443354,33144728368.184856,25.1824,-0.68993142,1.66790539,9.84974422,36.42417841,38.34138768,11.90775474,441982921185.3593,42.2164,481582635753.1,,2023-01-26T16:10:00.000Z,,,,,,2023-01-26 16:12:03.815963
1,1027,Ethereum,ETH,ethereum,6380,2015-08-07T00:00:00.000Z,"['pos', 'smart-contracts', 'ethereum-ecosystem', 'coinbase-ventures-portfolio', 'three-arrows-capital-portfolio', 'polychain-capital-portfolio', 'binance-labs-portfolio', 'blockchain-capital-portfolio', 'boostvc-portfolio', 'cms-holdings-portfolio', 'dcg-portfolio', 'dragonfly-capital-portfolio', 'electric-capital-portfolio', 'fabric-ventures-portfolio', 'framework-ventures-portfolio', 'hashkey-capital-portfolio', 'kenetic-capital-portfolio', 'huobi-capital-portfolio', 'alameda-research-portfolio', 'a16z-portfolio', '1confirmation-portfolio', 'winklevoss-capital-portfolio', 'usv-portfolio', 'placeholder-ventures-portfolio', 'pantera-capital-portfolio', 'multicoin-capital-portfolio', 'paradigm-portfolio', 'injective-ecosystem']",,122373866.2178,122373866.2178,,2,,,,2023-01-26T16:10:00.000Z,1589.2213034991896,10539879882.345724,10.81,-1.23646804,2.98182693,3.50048092,31.08994474,30.53377005,3.31680613,194479155184.88757,18.5986,194479155184.89,,2023-01-26T16:10:00.000Z,,,,,,2023-01-26 16:12:03.815963
2,825,Tether,USDT,tether,46439,2015-02-25T00:00:00.000Z,"['payments', 'stablecoin', 'asset-backed-stablecoin', 'avalanche-ecosystem', 'solana-ecosystem', 'arbitrum-ecosytem', 'moonriver-ecosystem', 'injective-ecosystem', 'bnb-chain', 'usd-stablecoin', 'optimism-ecosystem']",,67188360789.139,73141766321.23428,,3,,,,2023-01-26T16:10:00.000Z,1.000129781754455,41918151798.139946,16.5782,0.00301267,-0.00162886,0.01168961,0.0245399,0.05834696,0.0004374,67197080612.48117,6.4184,73151258787.99,,2023-01-26T16:10:00.000Z,1027.0,Ethereum,ETH,ethereum,0xdac17f958d2ee523a2206206994597c13d831ec7,2023-01-26 16:12:03.815963
3,1839,BNB,BNB,bnb,1170,2017-07-25T00:00:00.000Z,"['marketplace', 'centralized-exchange', 'payments', 'smart-contracts', 'alameda-research-portfolio', 'multicoin-capital-portfolio', 'bnb-chain']",200000000.0,157902660.30609864,159979963.59042934,,4,,,,2023-01-26T16:10:00.000Z,303.3098734883901,639310022.8622315,-3.2782,-1.22908145,1.23164955,4.34517542,23.59547395,-3.26549691,2.1161647,47893435920.92302,4.5746,60661974697.68,,2023-01-26T16:10:00.000Z,,,,,,2023-01-26 16:12:03.815963
4,3408,USD Coin,USDC,usd-coin,9672,2018-10-08T00:00:00.000Z,"['medium-of-exchange', 'stablecoin', 'asset-backed-stablecoin', 'fantom-ecosystem', 'arbitrum-ecosytem', 'moonriver-ecosystem', 'bnb-chain', 'usd-stablecoin', 'optimism-ecosystem']",,43557273901.72265,43557273901.72265,,5,,,,2023-01-26T16:10:00.000Z,0.9996519277153906,3946138696.573066,3.7487,-0.03739616,-0.02886814,-0.04737409,-0.03456757,-0.05180985,-0.03918029,43542112821.884315,4.1641,43542112821.88,,2023-01-26T16:10:00.000Z,1027.0,Ethereum,ETH,ethereum,0xa0b86991c6218b36c1d19d4a2e9eb0ce3606eb48,2023-01-26 16:12:03.815963
5,52,XRP,XRP,xrp,879,2013-08-04T00:00:00.000Z,"['medium-of-exchange', 'enterprise-solutions', 'arrington-xrp-capital-portfolio', 'galaxy-digital-portfolio', 'a16z-portfolio', 'pantera-capital-portfolio']",100000000000.0,50796877639.0,99989148225.0,,6,,,,2023-01-26T16:10:00.000Z,0.408857628435653,1050903446.9691638,-8.7277,-0.84018359,0.82342408,4.64587898,10.58901871,1.28634276,-12.07285981,20768690923.41759,1.9837,40885762843.57,,2023-01-26T16:10:00.000Z,,,,,,2023-01-26 16:12:03.815963
6,4687,Binance USD,BUSD,binance-usd,6078,2019-09-20T00:00:00.000Z,"['stablecoin', 'asset-backed-stablecoin', 'binance-chain', 'harmony-ecosystem', 'moonriver-ecosystem', 'usd-stablecoin']",,15521705766.183376,15521705766.183376,,7,,,,2023-01-26T16:10:00.000Z,1.0007725682612525,11881794048.109295,17.9407,0.10027108,0.06197192,0.05877658,0.06705608,-0.00912958,0.04743872,15533697343.418829,1.4837,15533697343.42,,2023-01-26T16:10:00.000Z,1839.0,BNB,BNB,bnb,BUSD-BD1,2023-01-26 16:12:03.815963
7,2010,Cardano,ADA,cardano,638,2017-10-01T00:00:00.000Z,"['dpos', 'pos', 'platform', 'research', 'smart-contracts', 'staking', 'cardano-ecosystem', 'cardano']",45000000000.0,34584900585.535,35394996829.841,,8,,,,2023-01-26T16:10:00.000Z,0.3765466637121055,501752299.5458024,24.0359,-0.86084111,6.05264436,12.56646436,44.52258821,18.22518635,-5.54043952,13022828930.29805,1.2454,16944599867.04,,2023-01-26T16:10:00.000Z,,,,,,2023-01-26 16:12:03.815963
8,74,Dogecoin,DOGE,dogecoin,636,2013-12-15T00:00:00.000Z,"['mineable', 'pow', 'scrypt', 'medium-of-exchange', 'memes', 'payments', 'doggone-doggerel', 'bnb-chain']",,132670764299.89409,132670764299.89409,,9,,,,2023-01-26T16:10:00.000Z,0.0857437676532732,541572816.1351712,0.5882,-1.02961905,2.37278319,5.78350747,15.43303279,-17.14135688,-1.23860911,11375691188.512291,1.0884,11375691188.51,,2023-01-26T16:10:00.000Z,,,,,,2023-01-26 16:12:03.815963
9,3890,Polygon,MATIC,polygon,574,2019-04-28T00:00:00.000Z,"['platform', 'enterprise-solutions', 'scaling', 'state-channel', 'coinbase-ventures-portfolio', 'binance-launchpad', 'binance-labs-portfolio', 'polygon-ecosystem', 'moonriver-ecosystem', 'injective-ecosystem']",10000000000.0,8734317475.28493,10000000000.0,,10,,,,2023-01-26T16:10:00.000Z,1.0712217166123958,799398105.252651,73.0917,-1.21864591,12.70839861,14.53332922,32.3781725,24.01332915,15.16073967,9356390559.312368,0.8937,10712217166.12,,2023-01-26T16:10:00.000Z,,,,,,2023-01-26 16:12:03.815963
10,5426,Solana,SOL,solana,422,2020-04-10T00:00:00.000Z,"['pos', 'platform', 'solana-ecosystem', 'cms-holdings-portfolio', 'kenetic-capital-portfolio', 'alameda-research-portfolio', 'multicoin-capital-portfolio', 'okex-blockdream-ventures-portfolio']",,371340580.89296514,539311776.9940287,,11,,,,2023-01-26T16:10:00.000Z,24.07162301489699,1060485935.2498887,2.6723,-2.29221339,3.35918504,14.1770516,122.43111023,67.38782875,-22.64448678,8938770473.388317,0.8552,12982109783.29,,2023-01-26T16:10:00.000Z,,,,,,2023-01-26 16:12:03.815963
11,6636,Polkadot,DOT,polkadot-new,462,2020-08-19T00:00:00.000Z,"['substrate', 'polkadot', 'binance-chain', 'polkadot-ecosystem', 'three-arrows-capital-portfolio', 'polychain-capital-portfolio', 'arrington-xrp-capital-portfolio', 'blockchain-capital-portfolio', 'boostvc-portfolio', 'cms-holdings-portfolio', 'coinfund-portfolio', 'fabric-ventures-portfolio', 'fenbushi-capital-portfolio', 'hashkey-capital-portfolio', 'kenetic-capital-portfolio', '1confirmation-portfolio', 'placeholder-ventures-portfolio', 'pantera-capital-portfolio', 'exnetwork-capital-portfolio', 'web3', 'spartan-group', 'injective-ecosystem', 'bnb-chain']",,1155696391.494791,1276820041.799971,,12,904869778.0,5784591748.050499,,2023-01-26T16:10:00.000Z,6.3927339476802585,325319024.7928432,9.9939,-1.49896718,3.93897702,11.25291393,42.1429752,17.97662085,-0.93771479,7388059555.120325,0.7057,8162370826.29,,2023-01-26T16:10:00.000Z,,,,,,2023-01-26 16:12:03.815963
12,2,Litecoin,LTC,litecoin,869,2013-04-28T00:00:00.000Z,"['mineable', 'pow', 'scrypt', 'medium-of-exchange']",84000000.0,72141065.71976216,84000000.0,,13,,,,2023-01-26T16:10:00.000Z,87.97752467945979,586111285.2667543,26.92,-0.8725025,0.68607324,5.30406405,25.69163255,14.96221213,60.63999733,6346792389.762906,0.6072,7390112073.07,,2023-01-26T16:10:00.000Z,,,,,,2023-01-26 16:12:03.815963
13,5994,Shiba Inu,SHIB,shiba-inu,484,2020-08-01T00:00:00.000Z,"['memes', 'ethereum-ecosystem', 'doggone-doggerel']",,549063278876301.94,589735030408322.8,,14,,,,2023-01-26T16:10:00.000Z,1.1549324870211526e-05,275787788.544017,-9.7574,-1.0260415,3.21147219,1.51796235,40.20752553,22.5131733,4.02154668,6341310182.045961,0.6057,6811041453.53,,2023-01-26T16:10:00.000Z,1027.0,Ethereum,ETH,ethereum,0x95ad61b0a150d79219dcf64e1e6cc01f0b64c4ce,2023-01-26 16:12:03.815963
14,4943,Dai,DAI,multi-collateral-dai,1819,2019-11-22T00:00:00.000Z,"['defi', 'stablecoin', 'asset-backed-stablecoin', 'ethereum-ecosystem', 'avalanche-ecosystem', 'polygon-ecosystem', 'fantom-ecosystem', 'arbitrum-ecosytem', 'harmony-ecosystem', 'moonriver-ecosystem', 'bnb-chain', 'usd-stablecoin', 'optimism-ecosystem']",,5896801150.915256,5896801150.915256,,15,,,,2023-01-26T16:10:00.000Z,0.9989608984093891,232210512.88293463,21.6907,-0.15153506,-0.05077118,-0.11979416,-0.03490138,-0.13241557,-0.11241435,5890673775.459823,0.5627,5890673775.46,,2023-01-26T16:10:00.000Z,1027.0,Ethereum,ETH,ethereum,0x6b175474e89094c44da98b954eedeac495271d0f,2023-01-26 16:12:03.815963
0,1,Bitcoin,BTC,bitcoin,9942,2013-04-28T00:00:00.000Z,"['mineable', 'pow', 'sha-256', 'store-of-value', 'state-channel', 'coinbase-ventures-portfolio', 'three-arrows-capital-portfolio', 'polychain-capital-portfolio', 'binance-labs-portfolio', 'blockchain-capital-portfolio', 'boostvc-portfolio', 'cms-holdings-portfolio', 'dcg-portfolio', 'dragonfly-capital-portfolio', 'electric-capital-portfolio', 'fabric-ventures-portfolio', 'framework-ventures-portfolio', 'galaxy-digital-portfolio', 'huobi-capital-portfolio', 'alameda-research-portfolio', 'a16z-portfolio', '1confirmation-portfolio', 'winklevoss-capital-portfolio', 'usv-portfolio', 'placeholder-ventures-portfolio', 'pantera-capital-portfolio', 'multicoin-capital-portfolio', 'paradigm-portfolio']",21000000.0,19273293.0,19273293.0,,1,,,,2023-01-26T16:11:00.000Z,22938.544553438776,33161094990.64192,25.2377,-0.67564765,1.67500202,9.85645114,36.47785275,38.38607666,11.97184407,442101290171.9797,42.2277,481709435622.21,,2023-01-26T16:11:00.000Z,,,,,,2023-01-26 16:13:04.929361
1,1027,Ethereum,ETH,ethereum,6380,2015-08-07T00:00:00.000Z,"['pos', 'smart-contracts', 'ethereum-ecosystem', 'coinbase-ventures-portfolio', 'three-arrows-capital-portfolio', 'polychain-capital-portfolio', 'binance-labs-portfolio', 'blockchain-capital-portfolio', 'boostvc-portfolio', 'cms-holdings-portfolio', 'dcg-portfolio', 'dragonfly-capital-portfolio', 'electric-capital-portfolio', 'fabric-ventures-portfolio', 'framework-ventures-portfolio', 'hashkey-capital-portfolio', 'kenetic-capital-portfolio', 'huobi-capital-portfolio', 'alameda-research-portfolio', 'a16z-portfolio', '1confirmation-portfolio', 'winklevoss-capital-portfolio', 'usv-portfolio', 'placeholder-ventures-portfolio', 'pantera-capital-portfolio', 'multicoin-capital-portfolio', 'paradigm-portfolio', 'injective-ecosystem']",,122373866.2178,122373866.2178,,2,,,,2023-01-26T16:11:00.000Z,1588.916668749907,10547047114.214321,10.8742,-1.26374942,2.92692985,3.44931751,31.08410184,30.51081023,3.39342389,194441875852.8336,18.5951,194441875852.83,,2023-01-26T16:11:00.000Z,,,,,,2023-01-26 16:13:04.929361
2,825,Tether,USDT,tether,46439,2015-02-25T00:00:00.000Z,"['payments', 'stablecoin', 'asset-backed-stablecoin', 'avalanche-ecosystem', 'solana-ecosystem', 'arbitrum-ecosytem', 'moonriver-ecosystem', 'injective-ecosystem', 'bnb-chain', 'usd-stablecoin', 'optimism-ecosystem']",,67188360789.139,73141766321.23428,,3,,,,2023-01-26T16:11:00.000Z,1.0001209638666835,41937034604.317,16.6207,0.00175839,-0.00176696,0.01079167,0.02377646,0.05662591,-0.00060108,67196488153.056175,6.4355,73150613832.1,,2023-01-26T16:11:00.000Z,1027.0,Ethereum,ETH,ethereum,0xdac17f958d2ee523a2206206994597c13d831ec7,2023-01-26 16:13:04.929361
3,1839,BNB,BNB,bnb,1170,2017-07-25T00:00:00.000Z,"['marketplace', 'centralized-exchange', 'payments', 'smart-contracts', 'alameda-research-portfolio', 'multicoin-capital-portfolio', 'bnb-chain']",200000000.0,157902640.73523957,159979963.59042934,,4,,,,2023-01-26T16:11:00.000Z,303.4331589218895,639752119.1600943,-3.183,-1.2170394,1.25494701,4.38309752,23.67658143,-3.23357203,2.21420141,47912897080.40197,4.5887,60686631784.38,,2023-01-26T16:11:00.000Z,,,,,,2023-01-26 16:13:04.929361
4,3408,USD Coin,USDC,usd-coin,9672,2018-10-08T00:00:00.000Z,"['medium-of-exchange', 'stablecoin', 'asset-backed-stablecoin', 'fantom-ecosystem', 'arbitrum-ecosytem', 'moonriver-ecosystem', 'bnb-chain', 'usd-stablecoin', 'optimism-ecosystem']",,43327591546.65265,43327591546.65265,,5,,,,2023-01-26T16:11:00.000Z,0.9998397133520723,3950163917.3594356,3.8094,-0.02790829,-0.01879606,-0.02988814,-0.00769086,-0.0300007,-0.01765075,43320646712.24086,4.1429,43320646712.24,,2023-01-26T16:11:00.000Z,1027.0,Ethereum,ETH,ethereum,0xa0b86991c6218b36c1d19d4a2e9eb0ce3606eb48,2023-01-26 16:13:04.929361
5,52,XRP,XRP,xrp,879,2013-08-04T00:00:00.000Z,"['medium-of-exchange', 'enterprise-solutions', 'arrington-xrp-capital-portfolio', 'galaxy-digital-portfolio', 'a16z-portfolio', 'pantera-capital-portfolio']",100000000000.0,50796877639.0,99989148225.0,,6,,,,2023-01-26T16:11:00.000Z,0.4088449804362207,1051582832.6950935,-8.6639,-0.83793683,0.82330934,4.62564674,10.60254049,1.22959313,-12.04968786,20768048444.53805,1.9837,40884498043.62,,2023-01-26T16:11:00.000Z,,,,,,2023-01-26 16:13:04.929361
6,4687,Binance USD,BUSD,binance-usd,6078,2019-09-20T00:00:00.000Z,"['stablecoin', 'asset-backed-stablecoin', 'binance-chain', 'harmony-ecosystem', 'moonriver-ecosystem', 'usd-stablecoin']",,15521705766.183376,15521705766.183376,,7,,,,2023-01-26T16:11:00.000Z,0.9999881070192543,11898053972.97294,18.0998,-0.01727687,0.02096473,-0.01761429,-0.02856195,-0.07978076,0.0100117,15521521166.83556,1.4865,15521521166.84,,2023-01-26T16:11:00.000Z,1839.0,BNB,BNB,bnb,BUSD-BD1,2023-01-26 16:13:04.929361
7,2010,Cardano,ADA,cardano,638,2017-10-01T00:00:00.000Z,"['dpos', 'pos', 'platform', 'research', 'smart-contracts', 'staking', 'cardano-ecosystem', 'cardano']",45000000000.0,34584900585.535,35394996829.841,,8,,,,2023-01-26T16:11:00.000Z,0.3764374475575728,501999848.88942283,23.9721,-0.90099607,6.00319881,12.50066299,44.49032078,18.19128345,-5.80544021,13019051700.451202,1.2451,16939685140.09,,2023-01-26T16:11:00.000Z,,,,,,2023-01-26 16:13:04.929361
8,74,Dogecoin,DOGE,dogecoin,636,2013-12-15T00:00:00.000Z,"['mineable', 'pow', 'scrypt', 'medium-of-exchange', 'memes', 'payments', 'doggone-doggerel', 'bnb-chain']",,132670764299.89409,132670764299.89409,,9,,,,2023-01-26T16:11:00.000Z,0.0857462722786103,542042834.2331098,0.6476,-1.03357114,2.35840055,5.76063903,15.45570034,-17.05412399,-1.24087997,11376023479.07005,1.0884,11376023479.07,,2023-01-26T16:11:00.000Z,,,,,,2023-01-26 16:13:04.929361
9,3890,Polygon,MATIC,polygon,574,2019-04-28T00:00:00.000Z,"['platform', 'enterprise-solutions', 'scaling', 'state-channel', 'coinbase-ventures-portfolio', 'binance-launchpad', 'binance-labs-portfolio', 'polygon-ecosystem', 'moonriver-ecosystem', 'injective-ecosystem']",10000000000.0,8734317475.28493,10000000000.0,,10,,,,2023-01-26T16:11:00.000Z,1.0711069735925216,800690739.0000486,73.3491,-1.25440694,12.69132127,14.49810929,32.38090561,24.02639573,15.1751098,9355388357.348715,0.896,10711069735.93,,2023-01-26T16:11:00.000Z,,,,,,2023-01-26 16:13:04.929361
10,5426,Solana,SOL,solana,422,2020-04-10T00:00:00.000Z,"['pos', 'platform', 'solana-ecosystem', 'cms-holdings-portfolio', 'kenetic-capital-portfolio', 'alameda-research-portfolio', 'multicoin-capital-portfolio', 'okex-blockdream-ventures-portfolio']",,371340496.2721908,539311692.3181593,,11,,,,2023-01-26T16:11:00.000Z,24.084229333847546,1062537692.8821255,2.8191,-2.24987861,3.36214747,14.22217688,122.61179796,67.54926819,-22.58613409,8943449673.164204,0.8557,12988906480.22,,2023-01-26T16:11:00.000Z,,,,,,2023-01-26 16:13:04.929361
11,6636,Polkadot,DOT,polkadot-new,462,2020-08-19T00:00:00.000Z,"['substrate', 'polkadot', 'binance-chain', 'polkadot-ecosystem', 'three-arrows-capital-portfolio', 'polychain-capital-portfolio', 'arrington-xrp-capital-portfolio', 'blockchain-capital-portfolio', 'boostvc-portfolio', 'cms-holdings-portfolio', 'coinfund-portfolio', 'fabric-ventures-portfolio', 'fenbushi-capital-portfolio', 'hashkey-capital-portfolio', 'kenetic-capital-portfolio', '1confirmation-portfolio', 'placeholder-ventures-portfolio', 'pantera-capital-portfolio', 'exnetwork-capital-portfolio', 'web3', 'spartan-group', 'injective-ecosystem', 'bnb-chain']",,1150835150.3331728,1277058820.6383526,,12,904869778.0,5783004612.280293,,2023-01-26T16:11:00.000Z,6.390979954112572,325859611.8867523,10.1525,-1.57361419,3.84546615,11.21498843,42.13408251,17.98197414,-0.95930572,7354964376.267435,0.7025,8161657322.92,,2023-01-26T16:11:00.000Z,,,,,,2023-01-26 16:13:04.929361
12,2,Litecoin,LTC,litecoin,869,2013-04-28T00:00:00.000Z,"['mineable', 'pow', 'scrypt', 'medium-of-exchange']",84000000.0,72141665.71976216,84000000.0,,13,,,,2023-01-26T16:11:00.000Z,87.9791807469592,586206277.9683664,26.9559,-0.89095527,0.67060201,5.29280576,25.71089759,14.97960728,60.67098502,6346964647.745666,0.6072,7390251182.74,,2023-01-26T16:11:00.000Z,,,,,,2023-01-26 16:13:04.929361
13,5994,Shiba Inu,SHIB,shiba-inu,484,2020-08-01T00:00:00.000Z,"['memes', 'ethereum-ecosystem', 'doggone-doggerel']",,549063278876301.94,589735030408322.8,,14,,,,2023-01-26T16:11:00.000Z,1.1546372040847129e-05,276129854.9186955,-9.6665,-1.07876373,3.18527353,1.44554678,40.20105186,22.52005252,4.02943276,6339688891.873182,0.6072,6809300066.61,,2023-01-26T16:11:00.000Z,1027.0,Ethereum,ETH,ethereum,0x95ad61b0a150d79219dcf64e1e6cc01f0b64c4ce,2023-01-26 16:13:04.929361
14,4943,Dai,DAI,multi-collateral-dai,1819,2019-11-22T00:00:00.000Z,"['defi', 'stablecoin', 'asset-backed-stablecoin', 'ethereum-ecosystem', 'avalanche-ecosystem', 'polygon-ecosystem', 'fantom-ecosystem', 'arbitrum-ecosytem', 'harmony-ecosystem', 'moonriver-ecosystem', 'bnb-chain', 'usd-stablecoin', 'optimism-ecosystem']",,5872358984.193567,5872358984.193567,,15,,,,2023-01-26T16:11:00.000Z,0.99902817220377,232311957.41335613,21.781,-0.14272717,-0.046256,-0.12388846,-0.01796708,-0.1085613,-0.11604774,5866652062.503287,0.5619,5866652062.5,,2023-01-26T16:11:00.000Z,1027.0,Ethereum,ETH,ethereum,0x6b175474e89094c44da98b954eedeac495271d0f,2023-01-26 16:13:04.929361
0,1,Bitcoin,BTC,bitcoin,9942,2013-04-28T00:00:00.000Z,"['mineable', 'pow', 'sha-256', 'store-of-value', 'state-channel', 'coinbase-ventures-portfolio', 'three-arrows-capital-portfolio', 'polychain-capital-portfolio', 'binance-labs-portfolio', 'blockchain-capital-portfolio', 'boostvc-portfolio', 'cms-holdings-portfolio', 'dcg-portfolio', 'dragonfly-capital-portfolio', 'electric-capital-portfolio', 'fabric-ventures-portfolio', 'framework-ventures-portfolio', 'galaxy-digital-portfolio', 'huobi-capital-portfolio', 'alameda-research-portfolio', 'a16z-portfolio', '1confirmation-portfolio', 'winklevoss-capital-portfolio', 'usv-portfolio', 'placeholder-ventures-portfolio', 'pantera-capital-portfolio', 'multicoin-capital-portfolio', 'paradigm-portfolio']",21000000.0,19273293.0,19273293.0,,1,,,,2023-01-26T16:12:00.000Z,22937.912255506453,33165710991.923004,25.2399,-0.64782414,1.63725726,9.80994775,36.48085174,38.38569683,11.9691372,442089103708.66675,42.3792,481696157365.64,,2023-01-26T16:12:00.000Z,,,,,,2023-01-26 16:14:07.085592
1,1027,Ethereum,ETH,ethereum,6380,2015-08-07T00:00:00.000Z,"['pos', 'smart-contracts', 'ethereum-ecosystem', 'coinbase-ventures-portfolio', 'three-arrows-capital-portfolio', 'polychain-capital-portfolio', 'binance-labs-portfolio', 'blockchain-capital-portfolio', 'boostvc-portfolio', 'cms-holdings-portfolio', 'dcg-portfolio', 'dragonfly-capital-portfolio', 'electric-capital-portfolio', 'fabric-ventures-portfolio', 'framework-ventures-portfolio', 'hashkey-capital-portfolio', 'kenetic-capital-portfolio', 'huobi-capital-portfolio', 'alameda-research-portfolio', 'a16z-portfolio', '1confirmation-portfolio', 'winklevoss-capital-portfolio', 'usv-portfolio', 'placeholder-ventures-portfolio', 'pantera-capital-portfolio', 'multicoin-capital-portfolio', 'paradigm-portfolio', 'injective-ecosystem']",,122373866.2178,122373866.2178,,2,,,,2023-01-26T16:12:00.000Z,1589.0911758060952,10548991857.04554,10.8738,-1.23791734,2.90775614,3.42319655,31.11264426,30.53421573,3.41161426,194463230955.9816,18.5971,194463230955.98,,2023-01-26T16:12:00.000Z,,,,,,2023-01-26 16:14:07.085592
2,825,Tether,USDT,tether,46439,2015-02-25T00:00:00.000Z,"['payments', 'stablecoin', 'asset-backed-stablecoin', 'avalanche-ecosystem', 'solana-ecosystem', 'arbitrum-ecosytem', 'moonriver-ecosystem', 'injective-ecosystem', 'bnb-chain', 'usd-stablecoin', 'optimism-ecosystem']",,67188360789.139,73141766321.23428,,3,,,,2023-01-26T16:12:00.000Z,1.0001103447954207,41952476172.81703,16.6576,0.00104937,-0.00752175,0.01270818,0.02322963,0.05613653,-0.00058891,67195774675.06493,6.4355,73149837134.48,,2023-01-26T16:12:00.000Z,1027.0,Ethereum,ETH,ethereum,0xdac17f958d2ee523a2206206994597c13d831ec7,2023-01-26 16:14:07.085592
3,1839,BNB,BNB,bnb,1170,2017-07-25T00:00:00.000Z,"['marketplace', 'centralized-exchange', 'payments', 'smart-contracts', 'alameda-research-portfolio', 'multicoin-capital-portfolio', 'bnb-chain']",200000000.0,157902640.73523957,159979963.59042934,,4,,,,2023-01-26T16:12:00.000Z,303.33648151421426,639851710.403076,-3.1293,-1.20079458,1.17332181,4.32758955,23.62599573,-3.25461769,2.1682849,47897631462.43061,4.5872,60667296302.84,,2023-01-26T16:12:00.000Z,,,,,,2023-01-26 16:14:07.085592
4,3408,USD Coin,USDC,usd-coin,9672,2018-10-08T00:00:00.000Z,"['medium-of-exchange', 'stablecoin', 'asset-backed-stablecoin', 'fantom-ecosystem', 'arbitrum-ecosytem', 'moonriver-ecosystem', 'bnb-chain', 'usd-stablecoin', 'optimism-ecosystem']",,43327591546.65265,43327591546.65265,,5,,,,2023-01-26T16:12:00.000Z,0.9998097804790052,3951147617.83197,3.834,-0.02774372,-0.03006297,-0.02855235,-0.01619344,-0.03235446,-0.02339718,43319349792.94279,4.1428,43319349792.94,,2023-01-26T16:12:00.000Z,1027.0,Ethereum,ETH,ethereum,0xa0b86991c6218b36c1d19d4a2e9eb0ce3606eb48,2023-01-26 16:14:07.085592
5,52,XRP,XRP,xrp,879,2013-08-04T00:00:00.000Z,"['medium-of-exchange', 'enterprise-solutions', 'arrington-xrp-capital-portfolio', 'galaxy-digital-portfolio', 'a16z-portfolio', 'pantera-capital-portfolio']",100000000000.0,50796877639.0,99989148225.0,,6,,,,2023-01-26T16:12:00.000Z,0.4088093744715517,1051772051.218274,-8.6394,-0.83041304,0.79661462,4.607409,10.60258608,1.22464401,-12.06091128,20766239772.707542,1.9888,40880937447.16,,2023-01-26T16:12:00.000Z,,,,,,2023-01-26 16:14:07.085592
6,4687,Binance USD,BUSD,binance-usd,6078,2019-09-20T00:00:00.000Z,"['stablecoin', 'asset-backed-stablecoin', 'binance-chain', 'harmony-ecosystem', 'moonriver-ecosystem', 'usd-stablecoin']",,15521705766.183376,15521705766.183376,,7,,,,2023-01-26T16:12:00.000Z,1.0002257095366522,11898307719.605894,18.1193,0.02157378,-0.00200677,-0.03517695,-0.00411002,-0.05486763,0.03091664,15525209163.199915,1.4869,15525209163.2,,2023-01-26T16:12:00.000Z,1839.0,BNB,BNB,bnb,BUSD-BD1,2023-01-26 16:14:07.085592
7,2010,Cardano,ADA,cardano,638,2017-10-01T00:00:00.000Z,"['dpos', 'pos', 'platform', 'research', 'smart-contracts', 'staking', 'cardano-ecosystem', 'cardano']",45000000000.0,34584900585.535,35394996829.841,,8,,,,2023-01-26T16:12:00.000Z,0.3764334329773727,502179198.3235382,24.0517,-0.89472301,5.98671771,12.44380979,44.48961473,18.19443917,-5.83479117,13018912856.594088,1.245,16939504483.98,,2023-01-26T16:12:00.000Z,,,,,,2023-01-26 16:14:07.085592
8,74,Dogecoin,DOGE,dogecoin,636,2013-12-15T00:00:00.000Z,"['mineable', 'pow', 'scrypt', 'medium-of-exchange', 'memes', 'payments', 'doggone-doggerel', 'bnb-chain']",,132670764299.89409,132670764299.89409,,9,,,,2023-01-26T16:12:00.000Z,0.08572065053066563,542458599.3902016,0.7213,-1.05132137,2.3008196,5.68230783,15.42457428,-17.08624626,-1.29987522,11372624222.18753,1.0881,11372624222.19,,2023-01-26T16:12:00.000Z,,,,,,2023-01-26 16:14:07.085592
9,3890,Polygon,MATIC,polygon,574,2019-04-28T00:00:00.000Z,"['platform', 'enterprise-solutions', 'scaling', 'state-channel', 'coinbase-ventures-portfolio', 'binance-launchpad', 'binance-labs-portfolio', 'polygon-ecosystem', 'moonriver-ecosystem', 'injective-ecosystem']",10000000000.0,8734317475.28493,10000000000.0,,10,,,,2023-01-26T16:12:00.000Z,1.0712672139948798,801911744.8619103,73.5819,-1.19398726,12.68614312,14.46055175,32.4015055,24.05487223,15.19062993,9356787947.895279,0.8961,10712672139.95,,2023-01-26T16:12:00.000Z,,,,,,2023-01-26 16:14:07.085592
10,5426,Solana,SOL,solana,422,2020-04-10T00:00:00.000Z,"['pos', 'platform', 'solana-ecosystem', 'cms-holdings-portfolio', 'kenetic-capital-portfolio', 'alameda-research-portfolio', 'multicoin-capital-portfolio', 'okex-blockdream-ventures-portfolio']",,371340496.2721908,539311692.3181593,,11,,,,2023-01-26T16:12:00.000Z,24.087654060650213,1064539087.7978038,2.9781,-2.198984,3.34160247,14.1345339,122.67308318,67.59704287,-22.58289595,8944721412.914701,0.8558,12990753475.42,,2023-01-26T16:12:00.000Z,,,,,,2023-01-26 16:14:07.085592
11,6636,Polkadot,DOT,polkadot-new,462,2020-08-19T00:00:00.000Z,"['substrate', 'polkadot', 'binance-chain', 'polkadot-ecosystem', 'three-arrows-capital-portfolio', 'polychain-capital-portfolio', 'arrington-xrp-capital-portfolio', 'blockchain-capital-portfolio', 'boostvc-portfolio', 'cms-holdings-portfolio', 'coinfund-portfolio', 'fabric-ventures-portfolio', 'fenbushi-capital-portfolio', 'hashkey-capital-portfolio', 'kenetic-capital-portfolio', '1confirmation-portfolio', 'placeholder-ventures-portfolio', 'pantera-capital-portfolio', 'exnetwork-capital-portfolio', 'web3', 'spartan-group', 'injective-ecosystem', 'bnb-chain']",,1150835150.3331728,1277058820.6383526,,12,904869778.0,5781286966.416594,,2023-01-26T16:12:00.000Z,6.389081729743209,326028228.41510534,10.175,-1.53892103,3.75779525,11.13453474,42.09088795,17.94749523,-0.97227007,7352779832.939954,0.7042,8159233178.75,,2023-01-26T16:12:00.000Z,,,,,,2023-01-26 16:14:07.085592
12,2,Litecoin,LTC,litecoin,869,2013-04-28T00:00:00.000Z,"['mineable', 'pow', 'scrypt', 'medium-of-exchange']",84000000.0,72141665.71976216,84000000.0,,13,,,,2023-01-26T16:12:00.000Z,87.9558483998662,586456675.3937967,27.0051,-0.9106765,0.62401267,5.24154017,25.6834553,14.94684742,60.62351162,6345281413.361225,0.6071,7388291265.59,,2023-01-26T16:12:00.000Z,,,,,,2023-01-26 16:14:07.085592
13,5994,Shiba Inu,SHIB,shiba-inu,484,2020-08-01T00:00:00.000Z,"['memes', 'ethereum-ecosystem', 'doggone-doggerel']",,549063278876301.94,589735030408322.8,,14,,,,2023-01-26T16:12:00.000Z,1.1546968724799648e-05,276307527.1277074,-9.6168,-1.03326541,3.16209962,1.38739479,40.2223073,22.53680541,4.03576439,6340016509.120605,0.6072,6809651952.04,,2023-01-26T16:12:00.000Z,1027.0,Ethereum,ETH,ethereum,0x95ad61b0a150d79219dcf64e1e6cc01f0b64c4ce,2023-01-26 16:14:07.085592
14,4943,Dai,DAI,multi-collateral-dai,1819,2019-11-22T00:00:00.000Z,"['defi', 'stablecoin', 'asset-backed-stablecoin', 'ethereum-ecosystem', 'avalanche-ecosystem', 'polygon-ecosystem', 'fantom-ecosystem', 'arbitrum-ecosytem', 'harmony-ecosystem', 'moonriver-ecosystem', 'bnb-chain', 'usd-stablecoin', 'optimism-ecosystem']",,5872358984.193567,5872358984.193567,,15,,,,2023-01-26T16:12:00.000Z,0.9997439492724426,232286521.4228635,21.763,-0.08060893,0.01888959,-0.04727762,0.05881165,-0.0371253,-0.04351174,5870855362.403186,0.5623,5870855362.4,,2023-01-26T16:12:00.000Z,1027.0,Ethereum,ETH,ethereum,0x6b175474e89094c44da98b954eedeac495271d0f,2023-01-26 16:14:07.085592
0,1,Bitcoin,BTC,bitcoin,9942,2013-04-28T00:00:00.000Z,"['mineable', 'pow', 'sha-256', 'store-of-value', 'state-channel', 'coinbase-ventures-portfolio', 'three-arrows-capital-portfolio', 'polychain-capital-portfolio', 'binance-labs-portfolio', 'blockchain-capital-portfolio', 'boostvc-portfolio', 'cms-holdings-portfolio', 'dcg-portfolio', 'dragonfly-capital-portfolio', 'electric-capital-portfolio', 'fabric-ventures-portfolio', 'framework-ventures-portfolio', 'galaxy-digital-portfolio', 'huobi-capital-portfolio', 'alameda-research-portfolio', 'a16z-portfolio', '1confirmation-portfolio', 'winklevoss-capital-portfolio', 'usv-portfolio', 'placeholder-ventures-portfolio', 'pantera-capital-portfolio', 'multicoin-capital-portfolio', 'paradigm-portfolio']",21000000.0,19273293.0,19273293.0,,1,,,,2023-01-26T16:24:00.000Z,22982.95397748854,33265627450.190193,24.8864,-0.72634823,1.45052686,9.95052436,36.9364809,38.71734686,11.79807891,442957206013.65204,42.4005,482642033527.26,,2023-01-26T16:24:00.000Z,,,,,,2023-01-26 16:26:35.572565
1,1027,Ethereum,ETH,ethereum,6380,2015-08-07T00:00:00.000Z,"['pos', 'smart-contracts', 'ethereum-ecosystem', 'coinbase-ventures-portfolio', 'three-arrows-capital-portfolio', 'polychain-capital-portfolio', 'binance-labs-portfolio', 'blockchain-capital-portfolio', 'boostvc-portfolio', 'cms-holdings-portfolio', 'dcg-portfolio', 'dragonfly-capital-portfolio', 'electric-capital-portfolio', 'fabric-ventures-portfolio', 'framework-ventures-portfolio', 'hashkey-capital-portfolio', 'kenetic-capital-portfolio', 'huobi-capital-portfolio', 'alameda-research-portfolio', 'a16z-portfolio', '1confirmation-portfolio', 'winklevoss-capital-portfolio', 'usv-portfolio', 'placeholder-ventures-portfolio', 'pantera-capital-portfolio', 'multicoin-capital-portfolio', 'paradigm-portfolio', 'injective-ecosystem']",,122373866.2178,122373866.2178,,2,,,,2023-01-26T16:24:00.000Z,1590.3446450425743,10638513109.158989,11.2059,-1.43687418,2.59600031,3.4208546,31.34808486,30.64329601,3.02634526,194616622832.6346,18.6383,194616622832.63,,2023-01-26T16:24:00.000Z,,,,,,2023-01-26 16:26:35.572565
2,825,Tether,USDT,tether,46440,2015-02-25T00:00:00.000Z,"['payments', 'stablecoin', 'asset-backed-stablecoin', 'avalanche-ecosystem', 'solana-ecosystem', 'arbitrum-ecosytem', 'moonriver-ecosystem', 'injective-ecosystem', 'bnb-chain', 'usd-stablecoin', 'optimism-ecosystem']",,67188360789.139,73141766321.23428,,3,,,,2023-01-26T16:24:00.000Z,1.0000883325471097,42107735260.74914,16.6002,-0.00094061,-0.00403956,0.00763603,0.02035148,0.0539755,-0.003575,67194295708.18363,6.4322,73148227119.75,,2023-01-26T16:24:00.000Z,1027.0,Ethereum,ETH,ethereum,0xdac17f958d2ee523a2206206994597c13d831ec7,2023-01-26 16:26:35.572565
3,1839,BNB,BNB,bnb,1170,2017-07-25T00:00:00.000Z,"['marketplace', 'centralized-exchange', 'payments', 'smart-contracts', 'alameda-research-portfolio', 'multicoin-capital-portfolio', 'bnb-chain']",200000000.0,157902640.73523957,159979963.59042934,,4,,,,2023-01-26T16:24:00.000Z,303.9849786822157,645351788.305541,-2.3514,-1.25887496,0.99372565,4.51140003,24.1842221,-2.9447609,1.86939538,48000030877.767365,4.5948,60796995736.44,,2023-01-26T16:24:00.000Z,,,,,,2023-01-26 16:26:35.572565
4,3408,USD Coin,USDC,usd-coin,9672,2018-10-08T00:00:00.000Z,"['medium-of-exchange', 'stablecoin', 'asset-backed-stablecoin', 'fantom-ecosystem', 'arbitrum-ecosytem', 'moonriver-ecosystem', 'bnb-chain', 'usd-stablecoin', 'optimism-ecosystem']",,43327591546.65265,43327591546.65265,,5,,,,2023-01-26T16:24:00.000Z,0.9999641297599551,3935995708.7419195,2.5492,-0.0170163,-0.01382192,-0.01033282,0.00623388,-0.01723783,-0.02408954,43326037375.543304,4.1493,43326037375.54,,2023-01-26T16:24:00.000Z,1027.0,Ethereum,ETH,ethereum,0xa0b86991c6218b36c1d19d4a2e9eb0ce3606eb48,2023-01-26 16:26:35.572565
5,52,XRP,XRP,xrp,879,2013-08-04T00:00:00.000Z,"['medium-of-exchange', 'enterprise-solutions', 'arrington-xrp-capital-portfolio', 'galaxy-digital-portfolio', 'a16z-portfolio', 'pantera-capital-portfolio']",100000000000.0,50796877639.0,99989148225.0,,6,,,,2023-01-26T16:24:00.000Z,0.4085920279454086,1056829373.2937331,-8.3282,-1.07954589,0.41578199,4.66026864,10.78762752,1.18061784,-12.38002468,20755199247.81379,1.9868,40859202794.54,,2023-01-26T16:24:00.000Z,,,,,,2023-01-26 16:26:35.572565
6,4687,Binance USD,BUSD,binance-usd,6078,2019-09-20T00:00:00.000Z,"['stablecoin', 'asset-backed-stablecoin', 'binance-chain', 'harmony-ecosystem', 'moonriver-ecosystem', 'usd-stablecoin']",,15521705766.183376,15521705766.183376,,7,,,,2023-01-26T16:24:00.000Z,0.9999485744475886,11931998993.04909,17.9759,-0.0330864,0.00635425,-0.04960514,-0.02497507,-0.00048554,-0.03082496,15520907553.889982,1.4857,15520907553.89,,2023-01-26T16:24:00.000Z,1839.0,BNB,BNB,bnb,BUSD-BD1,2023-01-26 16:26:35.572565
7,2010,Cardano,ADA,cardano,638,2017-10-01T00:00:00.000Z,"['dpos', 'pos', 'platform', 'research', 'smart-contracts', 'staking', 'cardano-ecosystem', 'cardano']",45000000000.0,34584900585.535,35394996829.841,,8,,,,2023-01-26T16:24:00.000Z,0.37712360316250726,507784999.2243839,25.8985,-1.08406403,5.69300364,12.13285849,45.11339869,18.44451833,-6.70175279,13042782323.834068,1.2491,16970562142.31,,2023-01-26T16:24:00.000Z,,,,,,2023-01-26 16:26:35.572565
8,74,Dogecoin,DOGE,dogecoin,636,2013-12-15T00:00:00.000Z,"['mineable', 'pow', 'scrypt', 'medium-of-exchange', 'memes', 'payments', 'doggone-doggerel', 'bnb-chain']",,132670764299.89409,132670764299.89409,,9,,,,2023-01-26T16:24:00.000Z,0.0856863605661591,545802515.6333382,1.1159,-1.53891474,1.76257623,5.37107934,15.6313405,-17.52056842,-1.59219238,11368074946.388632,1.0886,11368074946.39,,2023-01-26T16:24:00.000Z,,,,,,2023-01-26 16:26:35.572565
9,3890,Polygon,MATIC,polygon,574,2019-04-28T00:00:00.000Z,"['platform', 'enterprise-solutions', 'scaling', 'state-channel', 'coinbase-ventures-portfolio', 'binance-launchpad', 'binance-labs-portfolio', 'polygon-ecosystem', 'moonriver-ecosystem', 'injective-ecosystem']",10000000000.0,8734317475.28493,10000000000.0,,10,,,,2023-01-26T16:24:00.000Z,1.0736086971459442,814844398.5895828,75.5584,-2.80441119,12.23420582,14.35969243,32.98663911,24.40633934,14.79326954,9377239205.099705,0.8976,10736086971.46,,2023-01-26T16:24:00.000Z,,,,,,2023-01-26 16:26:35.572565
10,5426,Solana,SOL,solana,422,2020-04-10T00:00:00.000Z,"['pos', 'platform', 'solana-ecosystem', 'cms-holdings-portfolio', 'kenetic-capital-portfolio', 'alameda-research-portfolio', 'multicoin-capital-portfolio', 'okex-blockdream-ventures-portfolio']",,371340496.2721908,539311692.3181593,,11,,,,2023-01-26T16:24:00.000Z,24.17468926167487,1073491588.0126845,2.938,-2.34739235,2.74622329,14.04275219,124.11662127,68.2657129,-22.92875042,8977041107.65635,0.8596,13037692576.98,,2023-01-26T16:24:00.000Z,,,,,,2023-01-26 16:26:35.572565
11,6636,Polkadot,DOT,polkadot-new,462,2020-08-19T00:00:00.000Z,"['substrate', 'polkadot', 'binance-chain', 'polkadot-ecosystem', 'three-arrows-capital-portfolio', 'polychain-capital-portfolio', 'arrington-xrp-capital-portfolio', 'blockchain-capital-portfolio', 'boostvc-portfolio', 'cms-holdings-portfolio', 'coinfund-portfolio', 'fabric-ventures-portfolio', 'fenbushi-capital-portfolio', 'hashkey-capital-portfolio', 'kenetic-capital-portfolio', '1confirmation-portfolio', 'placeholder-ventures-portfolio', 'pantera-capital-portfolio', 'exnetwork-capital-portfolio', 'web3', 'spartan-group', 'injective-ecosystem', 'bnb-chain']",,1150835150.3331728,1277058820.6383526,,12,904869778.0,5787514173.003936,,2023-01-26T16:24:00.000Z,6.395963611245657,329275701.8852092,10.5548,-1.87126916,3.28995202,11.05886587,42.4896499,18.11332729,-1.3770314,7360699744.073399,0.7046,8168021746.22,,2023-01-26T16:24:00.000Z,,,,,,2023-01-26 16:26:35.572565
12,2,Litecoin,LTC,litecoin,869,2013-04-28T00:00:00.000Z,"['mineable', 'pow', 'scrypt', 'medium-of-exchange']",84000000.0,72141665.71976216,84000000.0,,13,,,,2023-01-26T16:24:00.000Z,87.80509267470514,595077404.0072606,28.7347,-1.26423074,0.18171538,4.97312125,25.82345287,14.78800143,59.52367713,6334405644.231316,0.6066,7375627784.68,,2023-01-26T16:24:00.000Z,,,,,,2023-01-26 16:26:35.572565
13,5994,Shiba Inu,SHIB,shiba-inu,484,2020-08-01T00:00:00.000Z,"['memes', 'ethereum-ecosystem', 'doggone-doggerel']",,549063278876301.94,589735030408322.8,,14,,,,2023-01-26T16:24:00.000Z,1.1534708917360656e-05,279655997.74636686,-8.8411,-1.42892136,2.49941536,-0.41966753,40.26157129,22.42435963,3.531029,6333285099.049761,0.6063,6802421914.13,,2023-01-26T16:24:00.000Z,1027.0,Ethereum,ETH,ethereum,0x95ad61b0a150d79219dcf64e1e6cc01f0b64c4ce,2023-01-26 16:26:35.572565
14,4943,Dai,DAI,multi-collateral-dai,1819,2019-11-22T00:00:00.000Z,"['defi', 'stablecoin', 'asset-backed-stablecoin', 'ethereum-ecosystem', 'avalanche-ecosystem', 'polygon-ecosystem', 'fantom-ecosystem', 'arbitrum-ecosytem', 'harmony-ecosystem', 'moonriver-ecosystem', 'bnb-chain', 'usd-stablecoin', 'optimism-ecosystem']",,5872358984.193567,5872358984.193567,,15,,,,2023-01-26T16:24:00.000Z,0.9998979370494459,233059872.58011058,21.9557,-0.04141817,-0.02941686,-0.04056213,0.06562019,-0.01837602,-0.08799483,5871759633.908927,0.5621,5871759633.91,,2023-01-26T16:24:00.000Z,1027.0,Ethereum,ETH,ethereum,0x6b175474e89094c44da98b954eedeac495271d0f,2023-01-26 16:26:35.572565
